Cyndy,Bloomer
Mozelle,Lorrimer
Marika,Stronack
Ricardo,Sabben
Lyndell,Dahler
Renata,Christian
Rodge,Griffithe
Arnold,Schlagtmans
Cilka,Ellcock
Hyatt,Mumbray
Anatol,Hallock
Giovanna,Habbema
Ado,Quail
Borg,Ramm
Calhoun,Gaish
Lombard,Ledford
Neysa,Bedin
Alonzo,Tapner
Grannie,Kegan
Chip,Gothliff
Saw,Rottger
Brook,Aland
Sauncho,Klulik
Cirstoforo,Ricciardo
Teressa,Faye
Carly,Brunnstein
Gaven,Spink
Claudell,Villa
Geordie,Delgardo
Corine,Birrell
Letta,Yosselevitch
Britte,Lambricht
De witt,Osbourn
Eugenia,Elgram
Sol,Delany
Sarene,Scritch
Jennica,Drackford
Jason,MacAlpine
Lynda,Harrad
Gaven,Kristufek
Tandie,Nicholes
Orly,Macourek
Gill,Carty
Alisun,Rouby
Ignacius,Quiddington
Linc,Stigger
Hailey,Seys
Winifred,Yarrell
Nanete,Dregan
Sabine,Langcastle
Salomi,Bowart
Juana,McLernon
Jo ann,Prozescky
Lilla,Juara
Orson,Giraux
Mercedes,Tessier
Dunc,Minithorpe
Georgie,Lamyman
Charlotte,Penney
Donny,Dimmack
Saraann,Clewlow
Mair,Worms
Lura,Streatley
Daniel,Teggin
Wolf,Bullock
Rhianon,Nockells
Carlynne,O'Quin
Diannne,De Gogay
Edita,Stampe
Waring,Christer
Hedvige,Everex
Wilton,Rouke
Bryanty,Cheel
Janessa,Foffano
Valentia,Menere
Irwinn,Froggatt
Demott,Noddles
Madelina,Harvard
Ulrica,Osgerby
Rebeka,Camilli
Nancee,Dockrell
Edithe,Pipkin
Cecelia,Milley
Toiboid,Stening
Doll,Rucklesse
Jonell,Radnage
Correna,Killcross
Margalit,Govini
Cora,Hasloch
Royce,Gasperi
Lissi,Popescu
Maritsa,Coggen
Jody,Beidebeke
Freda,Betz
Yvonne,Sarfati
Bernadette,Ness
Purcell,Skentelbury
Malva,Handscomb
Carver,Ibeson
Dynah,Gelly
Cordelie,Alexsandrovich
Clemmie,Chaplyn
Maudie,Cortes
Arnoldo,Merkle
Heidi,Fergyson
Glyn,Sorro
Jedidiah,Whapham
Brenda,Kent
Philis,Marsden
Hermine,Westhead
Arabel,Leopard
Somerset,Collie
Deck,Giovanetti
Bethanne,Lechelle
Alvin,Arnault
Tracie,Harold
Kai,Pecey
Kristopher,Capponeer
Cleavland,Romeuf
Lamar,Woolbrook
Aretha,Allon
Roma,Gunney
Harris,Scruton
Veronica,Santoro
Carola,Hillan
Bree,Schooley
Darius,Sarfati
Adey,Antonijevic
Ninon,Hennington
Byrle,Blackwood
Hyacintha,Kubiczek
Perren,Bennion
Sheree,Vasyushkhin
Sal,Zecchii
Ruby,Tonks
Wyatt,Besse
Leigh,Dahlbom
Joela,Decourcy
Ulick,Lambin
Roy,Bleibaum
Camala,Ridhole
Chariot,Wallhead
Eugenia,Keene
Lottie,Benninck
Galven,Caherny
Kalinda,Hanhardt
Sarge,Swaffield
Nils,Farrens
Humberto,Dagger
Lida,Awde
Lacey,Slaymaker
Violante,Wiersma
Randee,Mably
Rana,Arnaldy
Isidora,Whimp
Amitie,Shoveller
Ennis,Kraut
Dorita,Ebhardt
Sydney,Radden
Jeannine,Dungay
Pearl,McCullock
Ali,Leyborne
Irvin,Darthe
Patrica,Baylis
Pat,Game
Kipp,McIver
Leanor,Standeven
Ardelia,Cymper
Ole,Oxtaby
Dennie,Heine
Hube,Pickring
Edouard,Quittonden
Duffie,Curling
Luisa,Spalton
Ermentrude,Holtum
Filippo,Collopy
Manfred,O'Connor
Taite,Brennand
Othello,Girardy
Layton,Jendrich
Adolphus,Danilov
Klement,Necolds
Roz,Tudgay
Cirstoforo,Airlie
Alisun,Raynes
Purcell,Wasmer
Zerk,Jarret
Nathaniel,Konzel
Tabby,Burdytt
Albie,McGeaney
Tamera,Burness
Teodoro,Anker
Karyl,Corre
Wake,Gelletly
Saxe,Ilyin
Jerome,Pepperill
Florencia,Whellans
Cesya,Euston
Travers,Kilian
Barbi,Luety
Luciano,Labbe
Tamas,Sagrott
Glyn,Fadian
Craig,Roland
Coleen,Kilgour
Dalton,McTerrelly
Ambrose,Dartan
Tami,Helix
Cary,Crimin
Clarice,Meneyer
Charlena,Renfield
Jackie,Dickings
Alvy,Krolak
Meara,Russel
Odie,MacConneely
Letisha,Yandle
Valentia,Riach
Spence,La Croce
Domini,Genge
Kenny,MacCaughey
Tedman,Kelcey
Annecorinne,Furmagier
Monte,Blundan
Smith,Lathey
Charmaine,Danslow
Early,Gouldeby
Ursuline,Prawle
Renato,Anyon
Allyce,Trice
Domenic,Serjent
Renado,Moors
Adoree,Wakeford
Sydney,Fowley
Rudyard,Godin
Harmony,Chesser
Carol,Simeoni
Jaimie,Heindle
Bess,Dufton
Trenna,Conochie
Nata,Wingeatt
Elysia,Doldon
Braden,Verty
Emili,Shankland
Roderigo,Mc Harg
Kandace,Loadwick
Killy,Buglar
Jany,Baxandall
Charles,Filipczak
Dominga,Nanelli
Abigail,Tinkler
Bryn,Sivill
Kamila,Chat
Mathe,Fellis
Carce,Tawton
Giovanna,Lionel
Matthiew,Jinda
Lexie,Brinicombe
Brook,Fick
Cullan,Haig
Bella,Campo
Ferdinand,Boshier
Blake,Kibbye
Axe,Borthram
Mureil,MacGahey
Brook,McGrudder
Emile,Filippo
Packston,Petrovsky
Christiana,Dymott
Rona,Decort
Reed,Runacres
Binky,Hedaux
Peggy,Busby
Burch,Maffini
Else,Cawson
Shaun,Benian
Spike,Gallehawk
Stanislas,Lashley
Yuma,Lawler
Heloise,Streather
Rachelle,Perkin
Thomasina,Alexsandrov
Gert,Morrice
Vivyanne,Rivers
Brittney,Langdon
Wolf,Bothie
Ariela,Perrigo
Jacqui,Punyer
Laure,Pietruszewicz
Timofei,Veness
Kacey,Cubbit
Wallace,Knappen
Jan,Asals
Agretha,Idwal Evans
Ev,Pennycock
Emma,Audley
Merola,McFeat
Magdaia,Preshous
Darn,Provost
Katie,Bows
Shoshanna,Carberry
Pamelina,Astbery
Tabby,Van der Krui
Nadean,Scipsey
Evangelina,Toone
Clarine,Shepperd
Helyn,Kervin
Jules,Botton
Chloette,Petrus
Torrey,Fludgate
Violette,Oakenfull
Allyson,Applegate
Webb,Castelijn
Halette,Kasperski
Any,Galloway
Reginald,Parmby
Valli,Gaber
Darn,Demchen
Filide,Maxstead
Karleen,Zannotelli
Antonie,Banke
Gottfried,Cratere
Reba,Gladeche
Lyn,Vaskov
Audi,Cheale
Hyacinthie,Glynne
Kaylyn,Wicks
Gabbi,Bertolin
Meara,Pollett
Mabelle,Fielding
Elisabet,Haggath
Cori,Wroughton
Wendie,Goodspeed
Mano,Noddles
Bambi,Johnsey
Joannes,Gehrtz
Jayne,Barrott
Charissa,Astling
Gaylene,Cleef
Celie,Catonne
Minda,Benjamin
Micah,O'Hoolahan
Baudoin,Stanbra
Monika,Franken
Brittaney,Ruhben
Cristine,Acey
Stormy,Watmore
Myron,Baugham
Fitz,Rispen
Lenee,Carles
Karlene,Fell
Renell,Nottram
Kathryne,Wroe
Silvia,Renton
Maurise,Chamberlin
Evangelia,Stockin
Walden,Lummasana
Jerad,Belloch
Garrick,Windous
Verina,McSporrin
Michele,Eadon
Siana,Huggin
Claiborne,Regitz
Didi,Caldayrou
Donetta,Carlin
Sergeant,Sket
Valenka,Raymond
Deirdre,Ballach
Kimberly,Biernacki
Levey,Havelin
Myrwyn,Rowbottam
Martyn,Olivi
Ann-marie,Matisse
Maxwell,Walkington
Fabe,Rasper
Sax,Stoyell
Kessiah,Persey
Benedict,Elderidge
Darci,Pisculli
Arman,Sommerlie
Kalina,Riba
Carlin,Brozsset
Wilow,Brok
Frankie,Ghidini
Reece,Handyside
Cobbie,Rait
Reg,Brotherick
Fernanda,McComas
Mervin,Fills
Jacquelynn,Lough
Grover,Frank
Delinda,Hadlington
Natala,Allnatt
Demeter,Meacher
Nannette,Quirke
Shaine,Pallesen
Hazel,Jachimczak
Adelle,Birrell
Abey,Jeffcoate
Hamnet,Cornewall
Hailee,Graddell
Isadora,Roglieri
Fae,Skones
Glyn,Preist
Stanislaus,Denniss
Aleta,Dane
Teodoor,McShirie
Cedric,Santer
Braden,Droghan
Kelci,Greetland
Bone,Llewelly
Agnese,Butchard
Teriann,Doxsey
Bernadette,Reany
Sheelagh,Reddlesden
Kahlil,Stronghill
Crichton,Normandale
Lauretta,Hartrick
Beverly,Alger
Jean,Nary
Flossie,Nairy
Faun,Bason
Rheta,Bennit
Marnia,Annetts
Dela,Mantram
Madelaine,Rivaland
Forbes,Kellegher
Addison,Sparwell
Silvanus,Lodevick
Debra,Filisov
Andonis,Scholte
Angela,Pentelo
Rourke,Blasgen
Arabele,Uzielli
Zitella,Milazzo
Darrin,Radley
Floris,Malmar
Moe,Tomasello
Heriberto,Earp
Far,Pedrielli
Kaitlynn,Sesons
Madonna,Rundle
Remus,Hylton
Nicolais,Brough
Vere,Bettleson
Clo,Conkay
Noak,Neggrini
George,Van Oord
Pincas,Tysall
Von,Slym
Trumaine,Dobbie
Carr,Stonham
Norbie,Randerson
Julianna,Dalgliesh
Clayborn,Badder
Gayleen,O'Regan
Gilberto,Kos
Mel,Lohrensen
Arlina,Jockle
Fiann,Whyatt
Mikkel,Kwietek
Annis,Freeburn
Ericha,Andriuzzi
Arlena,Povele
Roz,Hartly
Zachariah,Maling
Duff,McGiveen
Steffie,Garrioch
Miquela,Risom
Vivia,Leebeter
Mara,McGaughie
Ryley,D'Ambrosi
Lonee,Briscow
Jeff,Cutcliffe
Sarette,Harriott
Scottie,Deamer
Odetta,Bows
Vinnie,Jerman
Milt,Surguine
Gerik,Chiommienti
Vanny,Gommes
Olwen,Trowbridge
Elmira,Jaquest
Calla,MacDowall
Nady,Lunn
Olivia,Reeder
Gert,Bygrove
Willabella,Tweed
Cloris,Brettor
Butch,Lovart
Sauncho,Mansfield
Brigitta,Pendock
Gabe,McCambridge
Flynn,Addams
Sadella,Sprigin
Janith,Brasner
Kori,Feldbaum
Gertruda,Schwandner
Dulci,Truce
Douglas,Markham
Fanchette,Roxby
Bertine,Joselevitch
Marianne,Andriolli
Valaree,Kensley
Shari,Cahill
Erma,Miall
Herschel,Hurndall
Gordie,Arnell
Sidonnie,Izkovitch
Dame,Ingerman
Gibb,Spivey
Solly,Kincade
Eziechiele,Ilbert
Heath,Dolle
Jayne,O' Neligan
Jennee,Siccombe
Natalie,McGuiness
Danya,McAvin
Reggy,Craig
Doralyn,Tenpenny
Marijo,Ferrey
Frederico,Ison
Gaelan,Filan
Finn,Tamas
Ephrayim,Goddman
Aime,Adamsky
Mayne,Dutt
Jobi,Brachell
Atalanta,Packman
Petronia,Paulsen
Corrianne,Meys
Dot,Etherington
Renaldo,Hedger
Joanie,McIlwraith
Kurt,Houldey
Dru,Delahunty
Dannie,Crippell
Adair,Reary
Katusha,Matterson
Perkin,Maudson
Marja,Cocker
Stefano,Matelyunas
Robin,Rolfini
Chrissie,Syrie
Renate,Alywen
Bryon,Karet
Kellyann,Rotge
Sherwynd,Arthurs
Des,Hayles
Rey,Primmer
Westleigh,Pembery
Jaquenetta,Mosedale
Saloma,Barns
Lavinie,Pitherick
Klement,Hanbidge
Selle,Treasure
Rozalin,Blaschek
Cariotta,Betje
Evey,Mc Kellen
Andeee,Skuce
Donavon,Glentworth
Remington,Etoile
Lucita,Edds
Calypso,Sheeran
Frederik,O'Neil
Zared,Nightingale
Niel,Alliband
Rania,Monkley
Kyrstin,Cleator
Nikola,Woollacott
Danette,Giraudeau
Staford,Pooly
Skye,Murrells
Aaron,McCrum
Gloriana,Harbour
Meggie,Kedward
Jerome,Biddle
Kin,Mehew
Frederich,Budgey
Shaine,Tabbernor
Justis,Clapton
Giacomo,Carratt
Rickie,Fitchen
Boigie,Gregine
Shane,Joisce
Sadye,Crowcher
Maurits,Maggill'Andreis
Danell,Clacson
Petey,Hurler
Tan,Clemens
Anitra,Orgee
Eimile,Piper
Anneliese,Moreno
Stacie,Tompkin
Alfie,Cheale
Lorry,Lowater
Janelle,Aggett
Fania,Brackenbury
Glenden,Laidlow
Nita,Woodman
Andrea,Egle of Germany
Ludovico,Welchman
Terrance,Gibbins
Robbie,Neilands
Stanislas,Ollerton
Darrin,Iacovielli
Sammy,Skingle
Erminia,Taphouse
Udale,Hirsch
Rey,Dodwell
Antonetta,Flatte
Amara,Gealle
Peter,Crose
Gus,Dillaway
Sheilakathryn,Lenormand
Wilmar,Rispine
Betteann,Jertz
Leon,Truse
Jeffry,Halleday
Catrina,Vannuchi
Tracy,Tows
Nicky,Matteoli
Moritz,Bilt
Reinaldo,Hearle
Winn,Darque
Cordelia,Huban
Magdalen,Dudlestone
Lonee,Sute
Sibeal,Nicely
Kessiah,Clemente
Rafaelia,Pengelly
Katine,Voisey
Shaina,Summerson
Ashla,Cockshott
Marylin,Abrahamowitcz
Mariam,Scole
Loy,Weine
Kinsley,Temby
Kimberley,Gores
Immanuel,Peach
Cathrine,Dolling
Tasia,Rozenbaum
Wally,Fawdry
Hurley,Osbourn
Becki,Argue
Rosabella,Smidmoor
Sara-ann,Darrigone
Brinn,Simeoni
Layton,McGeaney
Jasmine,Minocchi
Corbin,Smithen
Sascha,Skase
Collie,Huygens
Ruy,Ballston
Ray,Attew
Alasteir,Dimmer
Amie,Gummow
Elyse,Cust
Mose,MacAlister
Georgetta,Dries
Krishna,Ternott
Granger,Timny
Coralie,Erickssen
Lacee,Cunnow
Arlen,Westlake
Merl,Hollyer
Giraud,Siebart
Tedi,Levermore
Cathryn,Zanneli
Elmo,Dalloway
Borg,Witterick
Shamus,Menauteau
Alessandro,Barnfather
Dasie,Allett
Rocky,Crowhurst
Bernadene,Coverly
Brook,Sinderland
Casar,Myderscough
Clemmie,Tante
Enos,Itter
Manfred,Brandes
Dorella,Cranton
Sonny,Phaup
Ingeberg,Bortoli
Garey,Leopold
Pennie,Mateus
Sofie,Hearl
Hasty,Cubley
Haywood,Jammet
Caty,Malam
Boote,Girhard
Katheryn,Genever
Claude,Destouche
Kermy,Tomaszynski
Pepita,Raymen
Con,Whatsize
Kyle,Kenealy
Gene,Singyard
Aylmer,Rentoul
Hali,Nucci
Stafford,Shanks
Ladonna,Espinas
Tybi,Menichino
Colette,Corless
Arlan,Bendan
Geoffrey,Dunbobin
Inger,Jakubovitch
Zelma,Willden
Korney,Mattedi
Lorrie,Lemon
Claudell,Cobbledick
Emelita,Rubenczyk
Reinald,Gager
Heddie,Flott
Hyacinthie,Fynn
Sheila,Clew
Sonya,Canada
Ricca,Daggett
Friedrich,Parcall
Goran,Kernermann
Madelena,Emilien
Linell,Sueter
Pier,Caswell
Lavena,Blezard
Gabie,Brecken
Brandy,Stambridge
Kora,Landman
Mac,Yeowell
Kienan,Titta
Seymour,Capeloff
Bink,Robshaw
Payton,Speake
Alexine,Filgate
Maud,Twomey
Niven,Merington
Isadore,Bertholin
Sean,Duffrie
Elnore,Sheward
Bret,Sawden
Rouvin,Henningham
Hubie,Bulpitt
Averil,Cleatherow
Tamarra,Mathison
Bellanca,Allwood
Binny,McManus
Maiga,Land
Georgie,Miquelet
Creight,Pim
Cesar,Haythorn
Brena,Aizikov
Granville,Wetwood
Twila,Natalie
Brunhilde,Towers
Shelden,Woodyear
Hazel,Veregan
Hildagard,Linford
Claudine,Dormand
Bartie,Strode
Sacha,Goodered
Martica,Dubery
Constantia,Powder
Mercy,Keijser
Thia,Denson
Kelsy,Briance
Towny,Pendergrast
Sheela,Cowern
Coretta,Phuprate
Merl,Neiland
Kassi,Pigford
Ruprecht,Gellett
Marlyn,Ilett
Teddie,Lappine
Genovera,Danieli
Richard,Opy
Anett,Seiter
Abbi,Impy
Marj,Hanlin
Rochelle,Pedersen
Fayette,Blankau
Reena,Jellico
Adolphe,Leng
Ardelle,Dyet
Maurits,Venables
Vitoria,Sprouls
Aveline,Koppeck
Nealy,Oldroyd
Kerr,Wedge
Matty,Huffey
Buddie,Mallabone
Gisele,Hagwood
Annadiane,Scrowby
Hadleigh,Willmer
Tomas,Beldum
Enid,Rosenkrantz
Pattie,De Minico
Sancho,Letty
Lynelle,Goodday
Holli,Eustace
Dianemarie,Wormleighton
Gretel,Brakewell
Sebastian,Bebbington
Leah,Dwane
Moshe,Jeal
Muffin,Hoppner
Kailey,Sawrey
Reinhold,Lackney
Allen,Dormon
Sutherland,McGonigle
Arlana,Huggill
Glennis,Ambrosetti
Der,Pattenden
Katerina,Grasha
Caitrin,Gosz
Nessie,Fairman
Ashien,d'Arcy
Aurelia,Burkett
Marmaduke,Sage
Neal,Dyzart
Evelin,Burless
Krishna,Newns
Daisy,Agnolo
Felicdad,Boyles
Malvina,Paz
Artemus,Stanway
Harland,Shirland
Robinet,Boylund
Dylan,Kochlin
Clerkclaude,Oughton
Karlotta,Rowbury
Briant,Ovenell
Phillipp,MacDonough
D'arcy,Lorimer
Fonsie,Yokelman
Alexa,Brumby
Whitney,Lermit
Gennifer,Caulier
Bobette,Lambrook
Cicely,Jindrak
Jill,Sleaford
Gorden,Zanicchelli
Arny,Gummery
Rosabelle,Hellyar
Birgit,Skeleton
Juditha,Rupel
Breanne,Gheeraert
Bea,Drohane
Cinda,Abramsky
Craig,Waltering
Jena,Iddenden
Bernard,Faires
Alard,Kearton
Loretta,Skaife d'Ingerthorpe
Brandyn,Dewdney
Rad,Chavrin
Nikola,Wickardt
Kinsley,La Batie
Jillane,Morriarty
Braden,Amey
Corenda,Burtwistle
Hans,Dunstan
Tyrone,Ramel
Charmion,McVee
Toni,Trevethan
Ringo,Grist
Deena,Basso
Roana,Tewkesbury
Lanny,Domone
Herb,Trundell
Carrissa,Lowther
Lisetta,Divell
Charmaine,Dickon
Hammad,Jime
Clementine,Hellmore
Biron,Basili
Ker,Nellis
Haleigh,Falconer-Taylor
Erina,Bulcroft
Pearl,Brine
Jabez,Kett
Sander,Hawney
Jonathan,Vater
Anastasia,L'Hommeau
Marilin,Blaxley
Gib,Arnely
Stanton,Twelvetrees
Chen,Commings
Geri,Clayhill
Thea,Goodding
Mariette,Frayn
Dewain,Glyn
Phillie,Dockrill
Loralie,Champagne
Stevy,Sissot
Boothe,Royden
Leelah,Comerford
Koren,Goldin
Fiorenze,Blueman
Glori,Heather
Wendy,Lainton
Giuseppe,Breydin
Ronnie,Burgum
Jolyn,O'Leagham
Sully,Jaquemar
Dona,Lain
Norman,Gosland
Darbie,Flisher
Darrick,Machans
Milena,Kleinstein
Neddy,Keese
Trace,Whimpenny
Karrah,Haire
Addy,Taye
Margo,Crenage
Kipp,Paolazzi
Tripp,Agate
Marje,Stopp
Tarah,Stoffersen
Cesya,Cargenven
Doroteya,McVicar
Zsa zsa,Cosgrove
Jeana,Longridge
Carmina,Davenport
Corny,Townby
Cati,O'Sheils
Miran,Abrahams
Pearce,McAulay
Felic,Garie
Irma,Coady
Jonie,Snoxall
Rosalyn,Barnish
Cointon,Dietz
Tracie,Brownsett
Loretta,Dellenbroker
Rosemary,Bampfield
Cazzie,Hambatch
Tim,Ouslem
Jeannie,Sommerville
Ada,Climance
Paten,Deeth
Brandais,Trosdall
Ewell,Wycherley
Kaylyn,Bonnet
Cindra,Renols
Lukas,Aberkirdo
Ruperta,Stainer
Dacie,Bovis
Adolph,Clapson
Richardo,Grenville
Albina,Dockwra
Karoline,Daveley
Gerrard,Smeaton
Beck,Hatry
Harlin,Depper
Amanda,Wrate
Germain,Sieur
Byron,Badwick
Lena,Taplow
Lin,Duignan
Roby,Dickins
Silvanus,Minshaw
Erie,Hofer
Chrissie,Fitzer
Willette,Beswick
Kassandra,Pinkard
Kyle,Mathieson
Melly,Sapseed
Giselbert,Ibbott
Codie,Kolin
Noby,Filov
Edgardo,Shilladay
Laurianne,Stonehewer
Leicester,Tomini
Sutton,Coole
Christoph,Giacovazzo
Tiler,Brisson
Amaleta,Drinkhall
Blanche,Pelosi
Gus,Haccleton
Delila,Slides
Aeriela,Bennellick
Elmore,Heymes
Pamelina,Acres
Neils,Worsnop
Sadye,Milvarnie
Glennie,Burnapp
Aylmar,Blight
Sunny,Jossel
Dunc,O' Dornan
Isabelle,O' Mahony
Trever,Smales
Esmaria,Jeune
Padgett,Woodworth
Elianore,Duthie
Forest,Tiddy
Dyan,Dillow
Garth,Oland
Latia,Ivanitsa
Rosemary,Spellard
Teodoro,Peasnone
Delmor,Stiggles
Rogers,Jedrzejczyk
